INSERT INTO USERS (USER_ID , NAME, PASSWORD, ROLE) VALUES ('ddd', 'ddd', 'ddd','USER');
INSERT INTO USERS (USER_ID , NAME, PASSWORD, ROLE) VALUES ('aaa', 'aaa', 'aaa','USER');
INSERT INTO USERS (USER_ID , NAME, PASSWORD, ROLE) VALUES ('bbb', 'bbb', 'bbb','USER');
INSERT INTO USERS (USER_ID , NAME, PASSWORD, ROLE) VALUES ('ccc', 'ccc', 'ccc','USER');

INSERT INTO PLACE ( ADDRESS, CATEGORY, DESCRIPTION, HOMEPAGE, NAME, NUMBER, PLACE_IMAGE, SCORE_AVG, SERVICE_TIME, USER_ID)
VALUES ( 'ADRESS','cafe', '카페입니다',  'www.google.com', '이름1', '010-000-900', '이미지 url', '0', '8:00-24:00', 'ddd');
INSERT INTO PLACE ( ADDRESS, CATEGORY, DESCRIPTION, HOMEPAGE, NAME, NUMBER, PLACE_IMAGE, SCORE_AVG, SERVICE_TIME, USER_ID)
VALUES ( 'ADRESS','restaurant', '카페입니다',  'www.google.com', '이름2', '010-000-900', '이미지 url', '0', '8:00-24:00', 'ddd');
INSERT INTO PLACE ( ADDRESS, CATEGORY, DESCRIPTION, HOMEPAGE, NAME, NUMBER, PLACE_IMAGE, SCORE_AVG, SERVICE_TIME, USER_ID)
VALUES ( 'ADRESS','hospital', '병원입니다',  'www.google.com', '이름3', '010-000-900', '이미지 url', '0', '8:00-24:00', 'ddd');
INSERT INTO PLACE ( ADDRESS, CATEGORY, DESCRIPTION, HOMEPAGE, NAME, NUMBER, PLACE_IMAGE, SCORE_AVG, SERVICE_TIME, USER_ID)
VALUES ( 'ADRESS','etc', '기타입니다.',  'www.google.com', '이름4', '010-000-900', '이미지 url', '0', '8:00-24:00', 'ddd');
INSERT INTO PLACE ( ADDRESS, CATEGORY, DESCRIPTION, HOMEPAGE, NAME, NUMBER, PLACE_IMAGE, SCORE_AVG, SERVICE_TIME, USER_ID)
VALUES ( 'ADRESS','stay', '숙소입니다.',  'www.google.com', '이름5', '010-000-900', '이미지 url', '0', '8:00-24:00', 'ddd');

INSERT INTO PLACE ( ADDRESS, CATEGORY, DESCRIPTION, HOMEPAGE, NAME, NUMBER, PLACE_IMAGE, SCORE_AVG, SERVICE_TIME, USER_ID)
VALUES ( 'ADRESS','cafe', '카페입니다',  'www.google.com', '이름6', '010-000-900', '이미지 url', '0', '8:00-24:00', 'aaa');
INSERT INTO PLACE ( ADDRESS, CATEGORY, DESCRIPTION, HOMEPAGE, NAME, NUMBER, PLACE_IMAGE, SCORE_AVG, SERVICE_TIME, USER_ID)
VALUES ( 'ADRESS','restaurant', '카페입니다',  'www.google.com', '이름7', '010-000-900', '이미지 url', '0', '8:00-24:00', 'aaa');
INSERT INTO PLACE ( ADDRESS, CATEGORY, DESCRIPTION, HOMEPAGE, NAME, NUMBER, PLACE_IMAGE, SCORE_AVG, SERVICE_TIME, USER_ID)
VALUES ( 'ADRESS','hospital', '병원입니다',  'www.google.com', '이름8', '010-000-900', '이미지 url', '0', '8:00-24:00', 'aaa');
INSERT INTO PLACE ( ADDRESS, CATEGORY, DESCRIPTION, HOMEPAGE, NAME, NUMBER, PLACE_IMAGE, SCORE_AVG, SERVICE_TIME, USER_ID)
VALUES ( 'ADRESS','etc', '기타입니다.',  'www.google.com', '이름9', '010-000-900', '이미지 url', '0', '8:00-24:00', 'aaa');
INSERT INTO PLACE ( ADDRESS, CATEGORY, DESCRIPTION, HOMEPAGE, NAME, NUMBER, PLACE_IMAGE, SCORE_AVG, SERVICE_TIME, USER_ID)
VALUES ( 'ADRESS','stay', '숙소입니다.',  'www.google.com', '이름10', '010-000-900', '이미지 url', '0', '8:00-24:00', 'aaa');

INSERT INTO PLACE ( ADDRESS, CATEGORY, DESCRIPTION, HOMEPAGE, NAME, NUMBER, PLACE_IMAGE, SCORE_AVG, SERVICE_TIME, USER_ID)
VALUES ( 'ADRESS','cafe', '카페입니다',  'www.google.com', '이름1', '010-000-900', '이미지 url', '0', '8:00-24:00', 'bbb');
INSERT INTO PLACE ( ADDRESS, CATEGORY, DESCRIPTION, HOMEPAGE, NAME, NUMBER, PLACE_IMAGE, SCORE_AVG, SERVICE_TIME, USER_ID)
VALUES ( 'ADRESS','restaurant', '카페입니다',  'www.google.com', '이름2', '010-000-900', '이미지 url', '0', '8:00-24:00', 'bbb');
INSERT INTO PLACE ( ADDRESS, CATEGORY, DESCRIPTION, HOMEPAGE, NAME, NUMBER, PLACE_IMAGE, SCORE_AVG, SERVICE_TIME, USER_ID)
VALUES ( 'ADRESS','hospital', '병원입니다',  'www.google.com', '이름3', '010-000-900', '이미지 url', '0', '8:00-24:00', 'bbb');
INSERT INTO PLACE ( ADDRESS, CATEGORY, DESCRIPTION, HOMEPAGE, NAME, NUMBER, PLACE_IMAGE, SCORE_AVG, SERVICE_TIME, USER_ID)
VALUES ( 'ADRESS','etc', '기타입니다.',  'www.google.com', '이름4', '010-000-900', '이미지 url', '0', '8:00-24:00', 'bbb');
INSERT INTO PLACE ( ADDRESS, CATEGORY, DESCRIPTION, HOMEPAGE, NAME, NUMBER, PLACE_IMAGE, SCORE_AVG, SERVICE_TIME, USER_ID)
VALUES ( 'ADRESS','stay', '숙소입니다.',  'www.google.com', '이름5', '010-000-900', '이미지 url', '0', '8:00-24:00', 'bbb');


INSERT INTO PLACE ( ADDRESS, CATEGORY, DESCRIPTION, HOMEPAGE, NAME, NUMBER, PLACE_IMAGE, SCORE_AVG, SERVICE_TIME, USER_ID)
VALUES ( 'ADRESS','cafe', '카페입니다',  'www.google.com', '이름6', '010-000-900', '이미지 url', '0', '8:00-24:00', 'ccc');
INSERT INTO PLACE ( ADDRESS, CATEGORY, DESCRIPTION, HOMEPAGE, NAME, NUMBER, PLACE_IMAGE, SCORE_AVG, SERVICE_TIME, USER_ID)
VALUES ( 'ADRESS','restaurant', '카페입니다',  'www.google.com', '이름7', '010-000-900', '이미지 url', '0', '8:00-24:00', 'ccc');
INSERT INTO PLACE ( ADDRESS, CATEGORY, DESCRIPTION, HOMEPAGE, NAME, NUMBER, PLACE_IMAGE, SCORE_AVG, SERVICE_TIME, USER_ID)
VALUES ( 'ADRESS','hospital', '병원입니다',  'www.google.com', '이름8', '010-000-900', '이미지 url', '0', '8:00-24:00', 'ccc');
INSERT INTO PLACE ( ADDRESS, CATEGORY, DESCRIPTION, HOMEPAGE, NAME, NUMBER, PLACE_IMAGE, SCORE_AVG, SERVICE_TIME, USER_ID)
VALUES ( 'ADRESS','etc', '기타입니다.',  'www.google.com', '이름9', '010-000-900', '이미지 url', '0', '8:00-24:00', 'ccc');
INSERT INTO PLACE ( ADDRESS, CATEGORY, DESCRIPTION, HOMEPAGE, NAME, NUMBER, PLACE_IMAGE, SCORE_AVG, SERVICE_TIME, USER_ID)
VALUES ( 'ADRESS','stay', '숙소입니다.',  'www.google.com', '이름10', '010-000-900', '이미지 url', '0', '8:00-24:00', 'ccc');


INSERT INTO TAG ( TAG_NAME) VALUES ( '소형견');
INSERT INTO TAG ( TAG_NAME) VALUES ('중형견');
INSERT INTO TAG ( TAG_NAME) VALUES ( '대형견');
INSERT INTO TAG ( TAG_NAME) VALUES ( '강남구-서초구');
INSERT INTO TAG ( TAG_NAME) VALUES ( '강동구-송파구');
INSERT INTO TAG ( TAG_NAME) VALUES ( '관악구-동작구');
INSERT INTO TAG ( TAG_NAME) VALUES ('영등포-구로-금천');
INSERT INTO TAG ( TAG_NAME) VALUES ( '강서구-양천구');
INSERT INTO TAG ( TAG_NAME) VALUES ('서대문-은평구');
INSERT INTO TAG ( TAG_NAME) VALUES ( '광진구-중랑구');
INSERT INTO TAG ( TAG_NAME) VALUES ( '강북-노원-도봉');
INSERT INTO TAG ( TAG_NAME) VALUES ( '동대문-성동구');
INSERT INTO TAG ( TAG_NAME) VALUES ( '마포구-용산구');
INSERT INTO TAG ( TAG_NAME) VALUES ( '중구-종로-성북');

INSERT INTO PLACE_TAG ( PLACE_ID, TAG_ID) VALUES ('1', '1');
INSERT INTO PLACE_TAG ( PLACE_ID, TAG_ID) VALUES ('1', '2');
INSERT INTO PLACE_TAG ( PLACE_ID, TAG_ID) VALUES ( '1', '3');
INSERT INTO PLACE_TAG ( PLACE_ID, TAG_ID) VALUES ( '1', '4');
INSERT INTO PLACE_TAG ( PLACE_ID, TAG_ID) VALUES ( '1', '5');
INSERT INTO PLACE_TAG ( PLACE_ID, TAG_ID) VALUES ( '2', '1');
INSERT INTO PLACE_TAG ( PLACE_ID, TAG_ID) VALUES ( '2', '9');
INSERT INTO PLACE_TAG ( PLACE_ID, TAG_ID) VALUES ( '2', '3');
INSERT INTO PLACE_TAG ( PLACE_ID, TAG_ID) VALUES ( '3', '4');
INSERT INTO PLACE_TAG ( PLACE_ID, TAG_ID) VALUES ( '3', '5');
INSERT INTO PLACE_TAG ( PLACE_ID, TAG_ID) VALUES ( '3', '6');
INSERT INTO PLACE_TAG ( PLACE_ID, TAG_ID) VALUES ( '3', '7');
INSERT INTO PLACE_TAG ( PLACE_ID, TAG_ID) VALUES ( '4', '1');
INSERT INTO PLACE_TAG ( PLACE_ID, TAG_ID) VALUES ( '4', '2');
INSERT INTO PLACE_TAG ( PLACE_ID, TAG_ID) VALUES ( '5', '3');
INSERT INTO PLACE_TAG ( PLACE_ID, TAG_ID) VALUES ( '5', '9');
INSERT INTO PLACE_TAG ( PLACE_ID, TAG_ID) VALUES ( '5', '5');
INSERT INTO PLACE_TAG ( PLACE_ID, TAG_ID) VALUES ( '6', '6');
INSERT INTO PLACE_TAG ( PLACE_ID, TAG_ID) VALUES ( '6', '7');
INSERT INTO PLACE_TAG ( PLACE_ID, TAG_ID) VALUES ( '6', '1');
INSERT INTO PLACE_TAG ( PLACE_ID, TAG_ID) VALUES ( '6', '3');
INSERT INTO PLACE_TAG ( PLACE_ID, TAG_ID) VALUES ( '6', '4');
INSERT INTO PLACE_TAG ( PLACE_ID, TAG_ID) VALUES ( '7', '8');
INSERT INTO PLACE_TAG ( PLACE_ID, TAG_ID) VALUES ( '8', '8');
INSERT INTO PLACE_TAG ( PLACE_ID, TAG_ID) VALUES ( '8', '8');

--SELECT * FROM USERS ;
--SELECT * FROM TAG ;
--SELECT * FROM REPLY ;
--SELECT * FROM PLACE_TAG ;
--SELECT * FROM PLACE ;


